{"cameraMode":{"drawMode":0,"name":"Shaded","section":"Shading Mode"},"sceneLighting":false,"audioPlay":false,"sceneViewState":{"showFog":true,"showMaterialUpdate":true,"showSkybox":true,"showFlares":true,"showImageEffects":true,"showParticleSystems":true},"in2DMode":false,"pivot":{"x":-637.7523193359375,"y":-442.5967712402344,"z":460.8754577636719},"rotation":{"x":0.014273755252361298,"y":0.7603260278701782,"z":-0.6508265137672424,"w":0.013457809574902058},"size":1100.1693115234375,"orthographic":false}